<audio controls="" src="../audio/fr12t2a.mp3"></audio>,<audio controls="" src="../audio/fr12t2a.mp3"></audio>
<audio controls="" src="../audio/fr12t2b.mp3"></audio>,<audio controls="" src="../audio/fr12t2b.mp3"></audio>
<audio controls="" src="../audio/fr12t2c.mp3"></audio>,<audio controls="" src="../audio/fr12t2c.mp3"></audio>
<audio controls="" src="../audio/fr12t2d.mp3"></audio>,<audio controls="" src="../audio/fr12t2d.mp3"></audio>
<audio controls="" src="../audio/fr12t2f.mp3"></audio>,<audio controls="" src="../audio/fr12t2f.mp3"></audio>
<audio controls="" src="../audio/fr12t2g.mp3"></audio>,<audio controls="" src="../audio/fr12t2g.mp3"></audio>
<audio controls="" src="../audio/fr12t2h.mp3"></audio>,<audio controls="" src="../audio/fr12t2h.mp3"></audio>
<audio controls="" src="../audio/fr12t2i.mp3"></audio>,<audio controls="" src="../audio/fr12t2i.mp3"></audio>
<audio controls="" src="../audio/fr12t2k.mp3"></audio>,<audio controls="" src="../audio/fr12t2k.mp3"></audio>
<audio controls="" src="../audio/fr12t2l.mp3"></audio>,<audio controls="" src="../audio/fr12t2l.mp3"></audio>
<audio controls="" src="../audio/fr12t2m.mp3"></audio>,<audio controls="" src="../audio/fr12t2m.mp3"></audio>
<audio controls="" src="../audio/fr12t2n.mp3"></audio>,<audio controls="" src="../audio/fr12t2n.mp3"></audio>
<audio controls="" src="../audio/fr12t2o.mp3"></audio>,<audio controls="" src="../audio/fr12t2o.mp3"></audio>
<audio controls="" src="../audio/fr12t2p.mp3"></audio>,<audio controls="" src="../audio/fr12t2p.mp3"></audio>
<audio controls="" src="../audio/fr12t2q.mp3"></audio>,<audio controls="" src="../audio/fr12t2q.mp3"></audio>
<audio controls="" src="../audio/fr12t2r.mp3"></audio>,<audio controls="" src="../audio/fr12t2r.mp3"></audio>
<audio controls="" src="../audio/fr12t2s.mp3"></audio>,<audio controls="" src="../audio/fr12t2s.mp3"></audio>
<audio controls="" src="../audio/fr12t2t.mp3"></audio>,<audio controls="" src="../audio/fr12t2t.mp3"></audio>
<audio controls="" src="../audio/fr12t2u.mp3"></audio>,<audio controls="" src="../audio/fr12t2u.mp3"></audio>
<audio controls="" src="../audio/fr12t2v.mp3"></audio>,<audio controls="" src="../audio/fr12t2v.mp3"></audio>
<audio controls="" src="../audio/fr12t2w.mp3"></audio>,<audio controls="" src="../audio/fr12t2w.mp3"></audio>
<audio controls="" src="../audio/fr12t03.mp3"></audio>,<audio controls="" src="../audio/fr12t03.mp3"></audio>
<audio controls="" src="../audio/fr11t04.mp3"></audio>,<audio controls="" src="../audio/fr11t04.mp3"></audio>
<audio controls="" src="../audio/fr12t05.mp3"></audio>,<audio controls="" src="../audio/fr12t05.mp3"></audio>
<audio controls="" src="../audio/fr12t06.mp3"></audio>,<audio controls="" src="../audio/fr12t06.mp3"></audio>
<audio controls="" src="../audio/fr12t07.mp3"></audio>,<audio controls="" src="../audio/fr12t07.mp3"></audio>
<audio controls="" src="../audio/fr12t08.mp3"></audio>,<audio controls="" src="../audio/fr12t08.mp3"></audio>
<audio controls="" src="../audio/fr12t09.mp3"></audio>,<audio controls="" src="../audio/fr12t09.mp3"></audio>
<audio controls="" src="../audio/fr12t10.mp3"></audio>,<audio controls="" src="../audio/fr12t10.mp3"></audio>
<audio controls="" src="../audio/fr12t11.mp3"></audio>,<audio controls="" src="../audio/fr12t11.mp3"></audio>
<audio controls="" src="../audio/fr12t22.mp3"></audio>,<audio controls="" src="../audio/fr12t18.mp3"></audio>
<audio controls="" src="../audio/fr12t24.mp3"></audio>,<audio controls="" src="../audio/fr12t19.mp3"></audio>
<audio controls="" src="../audio/fr12t26.mp3"></audio>,<audio controls="" src="../audio/fr12t20.mp3"></audio>
<audio controls="" src="../audio/fr12t29.mp3"></audio>,<audio controls="" src="../audio/fr12t22.mp3"></audio>
<audio controls="" src="../audio/fr12t30.mp3"></audio>,<audio controls="" src="../audio/fr12t24.mp3"></audio>
<audio controls="" src="../audio/fr12t31.mp3"></audio>,<audio controls="" src="../audio/fr12t26.mp3"></audio>
<audio controls="" src="../audio/fr12t32.mp3"></audio>,<audio controls="" src="../audio/fr12t27.mp3"></audio>
<audio controls="" src="../audio/fr12t41.mp3"></audio>,<audio controls="" src="../audio/fr12t28.mp3"></audio>
<audio controls="" src="../audio/fr12t42.mp3"></audio>,<audio controls="" src="../audio/fr12t29.mp3"></audio>
<audio controls="" src="../audio/fr12t43.mp3"></audio>,<audio controls="" src="../audio/fr12t30.mp3"></audio>
<audio controls="" src="../audio/fr12t44.mp3"></audio>,<audio controls="" src="../audio/fr12t31.mp3"></audio>
<audio controls="" src="../audio/fr12t45.mp3"></audio>,<audio controls="" src="../audio/fr12t32.mp3"></audio>
<audio controls="" src="../audio/fr12t46.mp3"></audio>,<audio controls="" src="../audio/fr12t33.mp3"></audio>
<audio controls="" src="../audio/fr12t47.mp3"></audio>,<audio controls="" src="../audio/fr12t34.mp3"></audio>
<audio controls="" src="../audio/fr12t48.mp3"></audio>,<audio controls="" src="../audio/fr12t37.mp3"></audio>
<audio controls="" src="../audio/fr12t50.mp3"></audio>,<audio controls="" src="../audio/fr12t38.mp3"></audio>
<audio controls="" src="../audio/fr12t51.mp3"></audio>,<audio controls="" src="../audio/fr12t39.mp3"></audio>
<audio controls="" src="../audio/fr12t52.mp3"></audio>,<audio controls="" src="../audio/fr12t40.mp3"></audio>
<audio controls="" src="../audio/fr12t53.mp3"></audio>,<audio controls="" src="../audio/fr12t41.mp3"></audio>
<audio controls="" src="../audio/fr12t55.mp3"></audio>,<audio controls="" src="../audio/fr12t42.mp3"></audio>
<audio controls="" src="../audio/fr12t56.mp3"></audio>,<audio controls="" src="../audio/fr12t43.mp3"></audio>
<audio controls="" src="../audio/fr12t59.mp3"></audio>,<audio controls="" src="../audio/fr12t44.mp3"></audio>
<audio controls="" src="../audio/fr12t60.mp3"></audio>,<audio controls="" src="../audio/fr12t45.mp3"></audio>
<audio controls="" src="../audio/fr12t61.mp3"></audio>,<audio controls="" src="../audio/fr12t46.mp3"></audio>
<audio controls="" src="../audio/fr12t75.mp3"></audio>,<audio controls="" src="../audio/fr12t47.mp3"></audio>
<audio controls="" src="../audio/fr12t76.mp3"></audio>,<audio controls="" src="../audio/fr12t48.mp3"></audio>
<audio controls="" src="../audio/fr12t77.mp3"></audio>,<audio controls="" src="../audio/fr12t49.mp3"></audio>
<audio controls="" src="../audio/fr12t78.mp3"></audio>,<audio controls="" src="../audio/fr12t50.mp3"></audio>
<audio controls="" src="../audio/fr12t79.mp3"></audio>,<audio controls="" src="../audio/fr12t51.mp3"></audio>
<audio controls="" src="../audio/fr12t80.mp3"></audio>,<audio controls="" src="../audio/fr12t52.mp3"></audio>
<audio src="none"></audio>,<audio controls="" src="../audio/fr12t53.mp3"></audio>
<audio src="none"></audio>,<audio controls="" src="../audio/fr12t54.mp3"></audio>
<audio src="none"></audio>,<audio controls="" src="../audio/fr12t55.mp3"></audio>
<audio src="none"></audio>,<audio controls="" src="../audio/fr12t56.mp3"></audio>
<audio src="none"></audio>,<audio controls="" src="../audio/fr12t57.mp3"></audio>
<audio src="none"></audio>,<audio controls="" src="../audio/fr12t59.mp3"></audio>
<audio src="none"></audio>,<audio controls="" src="../audio/fr12t60.mp3"></audio>
<audio src="none"></audio>,<audio controls="" src="../audio/fr12t61.mp3"></audio>
<audio src="none"></audio>,<audio controls="" src="../audio/fr12t62.mp3"></audio>
<audio src="none"></audio>,<audio controls="" src="../audio/fr12t63.mp3"></audio>
<audio src="none"></audio>,<audio controls="" src="../audio/fr12t64.mp3"></audio>
<audio src="none"></audio>,<audio controls="" src="../audio/fr12t65.mp3"></audio>
<audio src="none"></audio>,<audio controls="" src="../audio/fr12t66.mp3"></audio>
<audio src="none"></audio>,<audio controls="" src="../audio/fr12t67.mp3"></audio>
<audio src="none"></audio>,<audio controls="" src="../audio/fr12t68.mp3"></audio>
<audio src="none"></audio>,<audio controls="" src="../audio/fr12t69.mp3"></audio>
<audio src="none"></audio>,<audio controls="" src="../audio/fr12t70.mp3"></audio>
<audio src="none"></audio>,<audio controls="" src="../audio/fr12t71.mp3"></audio>
<audio src="none"></audio>,<audio controls="" src="../audio/fr12t72.mp3"></audio>
<audio src="none"></audio>,<audio controls="" src="../audio/fr12t73.mp3"></audio>
<audio src="none"></audio>,<audio controls="" src="../audio/fr12t74.mp3"></audio>
<audio src="none"></audio>,<audio controls="" src="../audio/fr12t75.mp3"></audio>
<audio src="none"></audio>,<audio controls="" src="../audio/fr12t76.mp3"></audio>
<audio src="none"></audio>,<audio controls="" src="../audio/fr12t77.mp3"></audio>
<audio src="none"></audio>,<audio controls="" src="../audio/fr12t78.mp3"></audio>
<audio src="none"></audio>,<audio controls="" src="../audio/fr12t79.mp3"></audio>
<audio src="none"></audio>,<audio controls="" src="../audio/fr12t80.mp3"></audio>
